slug,meta_description
mad-bad-sad-tears-abuse-and-threats,"Learn to manage difficult behaviors Australia-wide, with no travel costs in capital cities. Our Mad Bad Sad course is tailored to your sector."
dealing-with-difficult-people,"Master dealing with difficult people with our training across Australia, no travel costs in capital cities. Local experts available. Get a quote now."
dealing-with-aggressive-people,"Learn to safely manage aggression with tailored in-house training Australia-wide, no travel costs in capital cities. Ideal for high-risk roles."
time-management,"Boost team efficiency with our Time Management Training across Australia, no travel costs in capital cities. Expert facilitators. Book now."
business-report-writing-skills-course,"Improve report writing with in-house courses across Australia, no travel costs in capital cities. Expert-led business communication training."
change-management-training,"Master change management with tailored training across Australia, no travel costs in capital cities. Boost adaptability and success."
resilience-training-course,"Strengthen team resilience with our workshops across Australia, no travel costs in capital cities. Learn stress management techniques."
conflict-resolution-skills,"Master conflict resolution with tailored training across Australia, no travel costs in capital cities. Local experts. Get a quote now."
de-escalating-conflict-techniques,"Learn conflict de-escalation techniques with tailored training across Australia, no travel costs in capital cities. Contact us for a quote."
telephone-de-escalation-techniques,"Master telephone de-escalation with tailored training across Australia, no travel costs in capital cities. Local facilitators. Get a quote today."
end-to-end-360-degree-leadership-training,"Enhance leadership with our 360 Degree Leadership Training Australia-wide, no travel costs in capital cities. Get a quote now."
body-language,"Improve workplace communication with our Body Language Training across Australia, no travel costs in capital cities. Get a quote today."
business-report-writing-skills-course,"Improve report writing with expert-led training across Australia, no travel costs in capital cities. Enhance business communication skills."
writing-skills,"Develop strong business writing skills with our tailored course across Australia, no travel costs in capital cities. Get a quote."
communicating-under-pressure,"Enhance workplace communication with expert-led training across Australia, no travel costs in capital cities. Learn to communicate under pressure."
courageous-conversations-and-managing-performance,"Master performance management with expert training across Australia, no travel costs in capital cities. Get a personalised quote today."
critical-conversations,"Improve team performance with our Critical Conversations Workshop across Australia, no travel costs in capital cities. Manage high-stakes discussions."
dealing-with-difficult-parents,"Master handling difficult parents with our educator-focused training across Australia, no travel costs in capital cities. Get a quote now."
emotional-intelligence-course,"Enhance team dynamics with Emotional Intelligence Training across Australia, no travel costs in capital cities. Tailored to your needs."
internal-supporting-skills,"Strengthen internal support skills with tailored training across Australia, no travel costs in capital cities. Get a quote today."
keeping-people-accountable-training,"Boost team productivity with our Keeping People Accountable Training across Australia, no travel costs in capital cities. Get a quote now."
leadership-training,"Improve leadership with our Leadership Management Training across Australia, no travel costs in capital cities. Expert facilitators. Contact us."
managing-client-expectations,"Manage client expectations effectively with tailored training across Australia, no travel costs in capital cities. Customise your course today."
managing-email-at-work,"Optimise email management with our training courses across Australia, no travel costs in capital cities. Learn more and get a quote today."
neurodiversity-in-the-workplace,"Explore tailored Neurodiversity Training across Australia, no travel costs in capital cities. Enhance workplace inclusion and culture."
occupational-violence-awareness,"Improve workplace safety with Occupational Violence & Aggression Training across Australia, no travel costs in capital cities. Local experts."
performance-management-training,"Elevate team performance with expert training across Australia, no travel costs in capital cities. Get a customised quote in just 5 clicks."
project-management-courses,"Strengthen project management skills with tailored training across Australia, no travel costs in capital cities. Get a quote today."
resilience-training-course,"Build resilience with Preftrain’s workshops across Australia, no travel costs in capital cities. Learn stress management and boost productivity."
strategy-training,"Boost strategic skills with tailored Strategy Development Training across Australia, no travel costs in capital cities. Learn more today."
team-building-skills,"Improve team cohesion with Preftrain’s Team Building Training across Australia, no travel costs in capital cities. Get an instant quote now."
team-leader-training-course,"Elevate team leaders with tailored training across Australia, no travel costs in capital cities. Enquire now to transform your workplace."
psychosocial-hazards-in-the-workplace,"Improve workplace well-being with in-house Psychosocial Hazards Training across Australia, no travel costs in capital cities. Book now."